"UTM Content","Площадка","Визиты","Посетители","Отказы","Время на сайте","Роботность","Достижения цели (Автоцель: заполнил контактные данные)","Достижения цели (click_download)","Достижения цели (click_download_header)"
"Итого и средние","","2185","1845","0.4393592677345538","00:01:05","0.003203661327231121","4","0","10"
"K5_welcome-bonus","Не определено","41","32","0.36585365853658536","00:02:26","0.0","2","0","4"
"K1_compare-save","Не определено","3","3","0.33333333333333326","00:00:22","0.0","1","0","2"
"K3_no-activation","ya.ru","1","1","0.0","00:11:54","0.0","1","0","2"
"K1_compare-save","com.oakever.tiletrip","1","1","0.0","00:00:16","0.0","0","0","0"
"K1_compare-save","com.pixel.art.coloring.color.number","1","1","1.0","00:00:00","0.0","0","0","0"
"K1_compare-save","com.sniper.destiny.shooting","1","1","0.0","00:00:18","0.0","0","0","0"
"K1_compare-save","com.vitastudio.mahjong","1","1","0.0","00:00:16","0.0","0","0","0"
"K1_compare-save","dsp-betweenx.yandex.ru","1","1","1.0","00:00:00","0.0","0","0","0"
"K1_compare-save","dsp-opera-exchange.yandex.ru","4","4","0.5","00:00:07","0.0","0","0","0"
"K1_compare-save","dsp-unityads.yandex.ru","1","1","1.0","00:00:00","0.0","0","0","0"
"K1_compare-save","dsp.yandex.ru","6","6","0.33333333333333326","00:00:51","0.0","0","0","0"
"K1_compare-save","litmir.club","1","1","0.0","00:00:15","0.0","0","0","0"
"K2_cashback-on-site","Не определено","40","35","0.375","00:00:14","0.025","0","0","0"
"K2_cashback-on-site","closet.match.pair.matching.games","1","1","1.0","00:00:00","0.0","0","0","0"
"K2_cashback-on-site","com.FartforPrank","1","1","0.0","00:00:19","0.0","0","0","0"
"K2_cashback-on-site","com.UnityUserco.EscapeHauntedHouseOnline","1","1","0.0","00:02:48","0.0","0","0","0"
"K2_cashback-on-site","com.bh.castle.xm","3","2","0.0","00:00:15","0.0","0","0","0"
"K2_cashback-on-site","com.bh.house.xm","1","1","0.0","00:00:15","0.0","0","0","0"
"K2_cashback-on-site","com.bh.kitten.xm","3","2","0.6666666666666665","00:00:04","0.0","0","0","0"
"K2_cashback-on-site","com.blockpuzzle.us.ios","1","1","0.0","00:00:32","0.0","0","0","0"
"K2_cashback-on-site","com.bubbleshooter.popbubbles.shootbubblesgame","1","1","0.0","00:00:24","0.0","0","0","0"
"K2_cashback-on-site","com.craftsman.go","2","2","0.5","00:00:08","0.0","0","0","0"
"K2_cashback-on-site","com.easybrain.casualgamecollection","1","1","1.0","00:00:00","0.0","0","0","0"
"K2_cashback-on-site","com.edadeal.android","2","2","0.5","00:01:09","0.0","0","0","0"
"K2_cashback-on-site","com.europosit.pixelcoloring","2","1","0.0","00:21:14","0.0","0","0","0"
"K2_cashback-on-site","com.flyingwhalegames.carout","2","2","0.5","00:00:33","0.0","0","0","0"
"K2_cashback-on-site","com.fugo.wow","13","12","0.3076923076923077","00:00:57","0.0","0","0","0"
"K2_cashback-on-site","com.fy.robo.xm","1","1","0.0","00:00:15","0.0","0","0","0"
"K2_cashback-on-site","com.fyhk.kingdom.xm","9","8","0.1111111111111111","00:00:13","0.0","0","0","0"
"K2_cashback-on-site","com.fyhk.legends.xm","3","2","0.33333333333333326","00:00:10","0.0","0","0","0"
"K2_cashback-on-site","com.fyhk.story.xm","1","1","0.0","00:00:16","0.0","0","0","0"
"K2_cashback-on-site","com.fyhk.town.xm","1","1","0.0","00:00:16","0.0","0","0","0"
"K2_cashback-on-site","com.gamejt.epictr.mi","2","1","0.5","00:00:07","0.0","0","0","0"
"K2_cashback-on-site","com.gamovation.tileclub","1","1","0.0","00:00:15","0.0","0","0","0"
"K2_cashback-on-site","com.gm.partytime.mi","1","1","0.0","00:00:15","0.0","0","0","0"
"K2_cashback-on-site","com.haokan.pictorial","4","4","0.0","00:01:58","0.0","0","0","0"
"K2_cashback-on-site","com.imo.android.imoim","3","2","0.6666666666666665","00:00:05","0.0","0","0","0"
"K2_cashback-on-site","com.infolink.limeiptv","1","1","0.0","00:00:15","0.0","0","0","0"
"K2_cashback-on-site","com.jc.fallacybrainmaster","1","1","0.0","00:00:15","0.0","0","0","0"
"K2_cashback-on-site","com.jc.trickytimermind","2","2","0.0","00:00:15","0.0","0","0","0"
"K2_cashback-on-site","com.localhostlimited.memeinstants","1","1","0.0","00:14:48","0.0","0","0","0"
"K2_cashback-on-site","com.mgame.bearadventure","14","11","0.07142857142857142","00:00:14","0.0","0","0","0"
"K2_cashback-on-site","com.minis.days.bear","1","1","0.0","00:10:32","0.0","0","0","0"
"K2_cashback-on-site","com.minis.legends.block","1","1","0.0","00:00:14","0.0","0","0","0"
"K2_cashback-on-site","com.minis.school.bricks","4","4","0.0","00:00:15","0.0","0","0","0"
"K2_cashback-on-site","com.miui.player","7","6","0.2857142857142857","00:00:15","0.0","0","0","0"
"K2_cashback-on-site","com.miui.videoplayer","1","1","0.0","00:00:15","0.0","0","0","0"
"K2_cashback-on-site","com.mjgf.medical.xm","4","4","0.0","00:00:15","0.0","0","0","0"
"K2_cashback-on-site","com.mutong.melodylife","2","1","0.5","00:00:07","0.0","0","0","0"
"K2_cashback-on-site","com.oakever.tiletrip","8","7","0.125","00:04:00","0.0","0","0","0"
"K2_cashback-on-site","com.openmygame.games.android.wordpizza","22","17","0.18181818181818182","00:00:44","0.0","0","0","0"
"K2_cashback-on-site","com.openmygame.games.android.wordsearchsea","2","2","0.5","00:00:23","0.0","0","0","0"
"K2_cashback-on-site","com.openmygame.magicwordsearch","14","11","0.35714285714285715","00:00:53","0.0","0","0","0"
"K2_cashback-on-site","com.orangeapps.piratetreasures.2","3","3","0.0","00:00:15","0.0","0","0","0"
"K2_cashback-on-site","com.outfit7.mytalkingangela2","1","1","0.0","00:00:15","0.0","0","0","0"
"K2_cashback-on-site","com.party.fyhk.xm","10","10","0.3","00:00:10","0.0","0","0","0"
"K2_cashback-on-site","com.pixel.art.coloring.color.number","2","2","0.5","00:00:07","0.0","0","0","0"
"K2_cashback-on-site","com.robtopx.geometryjumplite","1","1","1.0","00:00:00","0.0","0","0","0"
"K2_cashback-on-site","com.ru.notifications.vk","1","1","1.0","00:00:00","0.0","0","0","0"
"K2_cashback-on-site","com.soulcompany.bubbleshooter.relaxing","1","1","0.0","00:00:16","0.0","0","0","0"
"K2_cashback-on-site","com.stealthgame.master","2","1","0.5","00:00:08","0.0","0","0","0"
"K2_cashback-on-site","com.tripledot.woodoku","6","4","0.16666666666666663","00:00:38","0.0","0","0","0"
"K2_cashback-on-site","com.tyou.cutiekitty.xm","1","1","0.0","00:00:47","0.0","0","0","0"
"K2_cashback-on-site","com.tzl.campus.xm","1","1","0.0","00:00:14","0.0","0","0","0"
"K2_cashback-on-site","com.tzl.crafts.mi","1","1","1.0","00:00:00","0.0","0","0","0"
"K2_cashback-on-site","com.vesna.solitaire.klondike","1","1","1.0","00:00:00","0.0","0","0","0"
"K2_cashback-on-site","com.vitastudio.mahjong","1","1","1.0","00:00:00","0.0","0","0","0"
"K2_cashback-on-site","com.weapons.guns","1","1","1.0","00:00:00","0.0","0","0","0"
"K2_cashback-on-site","com.xfenglv.game2048","1","1","0.0","00:00:15","0.0","0","0","0"
"K2_cashback-on-site","com.xgfs.busyw.mi","1","1","0.0","00:00:20","0.0","0","0","0"
"K2_cashback-on-site","com.xgfs.freedomt.mi","1","1","1.0","00:00:00","0.0","0","0","0"
"K2_cashback-on-site","com.zm.watersort","1","1","1.0","00:00:00","0.0","0","0","0"
"K2_cashback-on-site","dsp-betweenx.yandex.ru","5","5","0.6","00:00:14","0.0","0","0","0"
"K2_cashback-on-site","dsp-opera-exchange.yandex.ru","27","21","0.48148148148148145","00:00:23","0.0","0","0","0"
"K2_cashback-on-site","dsp-unityads.yandex.ru","4","4","0.75","00:00:04","0.0","0","0","0"
"K2_cashback-on-site","dsp-webeye.yandex.ru","1","1","1.0","00:00:00","0.0","0","0","0"
"K2_cashback-on-site","dsp-yeahmobi.yandex.ru","6","5","1.0","00:00:00","0.0","0","0","0"
"K2_cashback-on-site","dsp.yandex.ru","135","123","0.45185185185185184","00:00:43","0.0","0","0","0"
"K2_cashback-on-site","game.yandex.ru","19","19","0.47368421052631576","00:00:27","0.0","0","0","0"
"K2_cashback-on-site","io.deveem.vpn","1","1","1.0","00:00:00","0.0","0","0","0"
"K2_cashback-on-site","io.voodoo.paper2","1","1","1.0","00:00:00","0.0","0","0","0"
"K2_cashback-on-site","kidultlovin.word.zen","1","1","0.0","00:06:49","0.0","0","0","0"
"K2_cashback-on-site","m.images.yandex.ru","2","2","0.5","00:00:35","0.0","0","0","0"
"K2_cashback-on-site","m.video.yandex.ru","1","1","0.0","00:14:15","0.0","0","0","0"
"K2_cashback-on-site","myapplication.develop.autocodes","2","1","1.0","00:00:00","0.0","0","0","0"
"K2_cashback-on-site","nekto.me","12","1","0.5","00:01:53","0.0","0","0","0"
"K2_cashback-on-site","org.aka.messenger","1","1","0.0","00:00:14","0.0","0","0","0"
"K2_cashback-on-site","readli.net","1","1","1.0","00:00:01","0.0","0","0","0"
"K2_cashback-on-site","ru.litres.android.readfree","1","1","1.0","00:00:00","0.0","0","0","0"
"K2_cashback-on-site","sorting.games.goods.sort.triple.match3d.puzzle.stuff","1","1","1.0","00:00:00","0.0","0","0","0"
"K2_cashback-on-site","teskin.jewels.planet","1","1","0.0","00:00:16","0.0","0","0","0"
"K2_cashback-on-site","video.like","7","5","0.5714285714285714","00:00:06","0.0","0","0","0"
"K2_cashback-on-site","video.yandex.ru","1","1","1.0","00:00:00","0.0","0","0","0"
"K3_no-activation","Не определено","82","70","0.5365853658536586","00:01:13","0.07317073170731707","0","0","0"
"K3_no-activation","74.ru","1","1","0.0","00:00:15","0.0","0","0","0"
"K3_no-activation","admobileapps.djremix10fi","1","1","1.0","00:00:00","0.0","0","0","0"
"K3_no-activation","admobileapps.new37apkfi","1","1","1.0","00:00:00","0.0","0","0","0"
"K3_no-activation","at.ner.SolitaireKlondike","1","1","1.0","00:00:00","0.0","0","0","0"
"K3_no-activation","beetles.puzzle.solitaire","1","1","0.0","00:14:06","0.0","0","0","0"
"K3_no-activation","com.LoopGames.Domino","1","1","1.0","00:00:00","0.0","0","0","0"
"K3_no-activation","com.almondstudio.scanword","1","1","0.0","00:00:24","0.0","0","0","0"
"K3_no-activation","com.anloft.eramerge","4","3","0.25","00:00:28","0.0","0","0","0"
"K3_no-activation","com.bh.castle.xm","2","2","0.0","00:00:15","0.0","0","0","0"
"K3_no-activation","com.block.juggle","12","9","0.5","00:00:46","0.0","0","0","0"
"K3_no-activation","com.block.puzzle.game.wooden","1","1","0.0","00:00:17","0.0","0","0","0"
"K3_no-activation","com.blockpuzzle.us.ios","1","1","0.0","00:00:16","0.0","0","0","0"
"K3_no-activation","com.cloudycastlegames.wordline","2","2","0.0","00:00:31","0.0","0","0","0"
"K3_no-activation","com.coloring.color.number.ios","2","2","0.0","00:15:03","0.0","0","0","0"
"K3_no-activation","com.craftsman.go","1","1","1.0","00:00:00","0.0","0","0","0"
"K3_no-activation","com.crypt.gram.puzz","1","1","1.0","00:00:00","0.0","0","0","0"
"K3_no-activation","com.dinesh.browser","2","1","0.0","00:05:24","0.0","0","0","0"
"K3_no-activation","com.dreamgames.royalmatch","10","10","0.4","00:01:23","0.0","0","0","0"
"K3_no-activation","com.edadeal.android","3","3","0.33333333333333326","00:00:10","0.0","0","0","0"
"K3_no-activation","com.europosit.pixelcoloring","1","1","1.0","00:00:00","0.0","0","0","0"
"K3_no-activation","com.fc.goods.sort.matching.puzzle.triplemaster","2","2","0.0","00:02:45","0.0","0","0","0"
"K3_no-activation","com.fpl.relaxing.pop","1","1","1.0","00:00:00","0.0","0","0","0"
"K3_no-activation","com.fugo.wow","57","48","0.22807017543859648","00:01:00","0.0","0","0","0"
"K3_no-activation","com.fungames.blockcraft","2","2","1.0","00:00:00","0.0","0","0","0"
"K3_no-activation","com.fyhk.kingdom.xm","1","1","0.0","00:00:15","0.0","0","0","0"
"K3_no-activation","com.fyhk.learning.mi","1","1","0.0","00:00:14","0.0","0","0","0"
"K3_no-activation","com.fyhk.legends.xm","1","1","1.0","00:00:00","0.0","0","0","0"
"K3_no-activation","com.fyhk.odyssey.xm","1","1","0.0","00:00:15","0.0","0","0","0"
"K3_no-activation","com.gamedevltd.wwh","1","1","0.0","00:00:16","0.0","0","0","0"
"K3_no-activation","com.gamejt.bicyclebp.mi","1","1","0.0","00:00:15","0.0","0","0","0"
"K3_no-activation","com.gamejt.clevere.mi","1","1","0.0","00:00:15","0.0","0","0","0"
"K3_no-activation","com.gamejt.libertyv.mi","1","1","0.0","00:00:16","0.0","0","0","0"
"K3_no-activation","com.gamejt.petp.mi","1","1","1.0","00:00:00","0.0","0","0","0"
"K3_no-activation","com.gamejt.rmhero.mi","1","1","0.0","00:00:17","0.0","0","0","0"
"K3_no-activation","com.gamejt.rsandbox.mi","1","1","0.0","00:00:15","0.0","0","0","0"
"K3_no-activation","com.gamejt.ssshovelling.mi","1","1","0.0","00:00:16","0.0","0","0","0"
"K3_no-activation","com.gamejt.thelicopter.mi","1","1","0.0","00:00:28","0.0","0","0","0"
"K3_no-activation","com.gamovation.tileclub","1","1","1.0","00:00:00","0.0","0","0","0"
"K3_no-activation","com.gm.bear.xm","2","2","0.0","00:00:16","0.0","0","0","0"
"K3_no-activation","com.gm.mini.xm","1","1","0.0","00:00:15","0.0","0","0","0"
"K3_no-activation","com.hr.cored.mi","1","1","0.0","00:08:27","0.0","0","0","0"
"K3_no-activation","com.inapp.incolor","1","1","1.0","00:00:00","0.0","0","0","0"
"K3_no-activation","com.inspiredsquare.jupiter","2","2","0.5","00:00:07","0.0","0","0","0"
"K3_no-activation","com.kiloo.subwaysurf","2","1","0.5","00:00:07","0.0","0","0","0"
"K3_no-activation","com.merge.cooking.theme.restaurant.food","1","1","0.0","00:00:15","0.0","0","0","0"
"K3_no-activation","com.mi.globalbrowser","1","1","0.0","00:00:16","0.0","0","0","0"
"K3_no-activation","com.minis.days.bear","1","1","0.0","00:00:15","0.0","0","0","0"
"K3_no-activation","com.minis.legends.block","2","2","0.0","00:00:15","0.0","0","0","0"
"K3_no-activation","com.miui.cleaner","1","1","0.0","00:01:23","0.0","0","0","0"
"K3_no-activation","com.miui.global.packageinstaller","1","1","1.0","00:00:00","0.0","0","0","0"
"K3_no-activation","com.newbee.callwendasprunkinow","1","1","1.0","00:00:00","0.0","0","0","0"
"K3_no-activation","com.newbee.tvmensworld","1","1","1.0","00:00:00","0.0","0","0","0"
"K3_no-activation","com.no.color","1","1","1.0","00:00:00","0.0","0","0","0"
"K3_no-activation","com.oakever.tiletrip","41","37","0.3902439024390244","00:00:38","0.0","0","0","0"
"K3_no-activation","com.openmygame.games.android.fillwordsoffline","9","7","0.4444444444444444","00:00:06","0.0","0","0","0"
"K3_no-activation","com.openmygame.games.android.jigsaw.solitaire.puzzle","1","1","0.0","00:00:16","0.0","0","0","0"
"K3_no-activation","com.openmygame.games.android.wordpizza","35","27","0.22857142857142856","00:00:53","0.0","0","0","0"
"K3_no-activation","com.openmygame.games.android.wordsearchsea","1","1","1.0","00:00:00","0.0","0","0","0"
"K3_no-activation","com.openmygame.magicwordsearch","25","23","0.56","00:01:59","0.0","0","0","0"
"K3_no-activation","com.orangeapps.piratetreasure","2","1","0.5","00:10:11","0.0","0","0","0"
"K3_no-activation","com.party.fyhk.xm","3","2","0.6666666666666665","00:00:05","0.0","0","0","0"
"K3_no-activation","com.pixel.art.coloring.color.number","13","13","0.8461538461538461","00:01:19","0.0","0","0","0"
"K3_no-activation","com.screw3d.match.nuts.bolts.pin.jam.away.puzzle","1","1","1.0","00:00:00","0.0","0","0","0"
"K3_no-activation","com.seclife.rustore.connect.wow.wordscapes.trip","1","1","1.0","00:00:00","0.0","0","0","0"
"K3_no-activation","com.secret.reveal.block.picture","2","2","0.5","00:00:09","0.0","0","0","0"
"K3_no-activation","com.tanksblitz","1","1","0.0","00:00:17","0.0","0","0","0"
"K3_no-activation","com.tripledot.solitaire","2","1","1.0","00:00:00","0.0","0","0","0"
"K3_no-activation","com.tripledot.woodoku","5","4","0.4","00:01:48","0.0","0","0","0"
"K3_no-activation","com.tyou.paradise.mi","1","1","0.0","00:00:15","0.0","0","0","0"
"K3_no-activation","com.uc.sprunki.transform","1","1","0.0","00:01:21","0.0","0","0","0"
"K3_no-activation","com.vesna.solitaire.klondike","1","1","0.0","00:02:01","0.0","0","0","0"
"K3_no-activation","com.vitastudio.mahjong","27","26","0.48148148148148145","00:01:08","0.0","0","0","0"
"K3_no-activation","com.words.puzzle.word.search","1","1","1.0","00:00:00","0.0","0","0","0"
"K3_no-activation","com.xgfs.busyw.mi","2","1","1.0","00:00:00","0.0","0","0","0"
"K3_no-activation","com.xgfs.happytc.mi","1","1","0.0","00:00:31","0.0","0","0","0"
"K3_no-activation","com.yg.sf.minigames","1","1","0.0","00:00:15","0.0","0","0","0"
"K3_no-activation","com.yzik.english","1","1","0.0","00:00:15","0.0","0","0","0"
"K3_no-activation","com.zk.magicalpets.mi","1","1","1.0","00:00:00","0.0","0","0","0"
"K3_no-activation","dsp-betweenx.yandex.ru","34","33","0.5882352941176471","00:02:09","0.0","0","0","0"
"K3_no-activation","dsp-inneractive.yandex.ru","4","3","0.25","00:00:17","0.0","0","0","0"
"K3_no-activation","dsp-ironsource.yandex.ru","1","1","1.0","00:00:00","0.0","0","0","0"
"K3_no-activation","dsp-minimob-ww.yandex.ru","2","2","0.0","00:00:15","0.0","0","0","0"
"K3_no-activation","dsp-mintagral.yandex.ru","24","21","0.625","00:00:31","0.0","0","0","0"
"K3_no-activation","dsp-opera-exchange.yandex.ru","161","118","0.4720496894409938","00:00:47","0.0","0","0","0"
"K3_no-activation","dsp-unityads.yandex.ru","45","39","0.6222222222222222","00:01:00","0.0","0","0","0"
"K3_no-activation","dsp-webeye.yandex.ru","2","2","0.5","00:00:00","0.0","0","0","0"
"K3_no-activation","dsp-xiaomi.yandex.ru","1","1","0.0","00:00:15","0.0","0","0","0"
"K3_no-activation","dsp-yeahmobi.yandex.ru","54","47","0.5370370370370371","00:01:02","0.0","0","0","0"
"K3_no-activation","dsp.yandex.ru","354","314","0.4915254237288136","00:01:18","0.0","0","0","2"
"K3_no-activation","dzen.ru","1","1","0.0","00:00:15","0.0","0","0","0"
"K3_no-activation","jigsolitaire.jigsort.jigsaw.solitaire.puzzle","1","1","0.0","00:01:09","0.0","0","0","0"
"K3_no-activation","kidultlovin.word.zen","1","1","0.0","00:00:15","0.0","0","0","0"
"K3_no-activation","kniga-online.com","1","1","1.0","00:00:00","0.0","0","0","0"
"K3_no-activation","m.edadeal.ru","1","1","0.0","00:00:19","0.0","0","0","0"
"K3_no-activation","m.mail.yandex.ru","1","1","0.0","00:00:15","0.0","0","0","0"
"K3_no-activation","m.pogoda.yandex.ru","1","1","0.0","00:00:15","0.0","0","0","0"
"K3_no-activation","puzzle.blockpuzzle.cube.relax","1","1","1.0","00:00:00","0.0","0","0","0"
"K3_no-activation","rb.rbook.club","1","1","0.0","00:00:15","0.0","0","0","0"
"K3_no-activation","ru.SOFFGames.gco","2","2","0.5","00:00:08","0.0","0","0","0"
"K3_no-activation","ru.yandex.weatherplugin","1","1","0.0","00:00:15","0.0","0","0","0"
"K3_no-activation","ru.zen.android","2","2","0.0","00:00:17","0.0","0","0","0"
"K3_no-activation","sorting.games.goods.sort.triple.match3d.puzzle.stuff","5","5","0.4","00:00:59","0.0","0","0","0"
"K3_no-activation","teskin.jewels.planet","6","6","0.33333333333333326","00:01:16","0.0","0","0","0"
"K3_no-activation","video.like","4","4","0.75","00:00:04","0.0","0","0","0"
"K4_seller-check","Не определено","2","2","0.5","00:00:08","0.0","0","0","0"
"K4_seller-check","com.tripledot.woodoku","1","1","0.0","00:00:15","0.0","0","0","0"
"K4_seller-check","dsp-opera-exchange.yandex.ru","2","2","0.5","00:00:07","0.0","0","0","0"
"K4_seller-check","dsp-yeahmobi.yandex.ru","1","1","0.0","00:00:14","0.0","0","0","0"
"K4_seller-check","dsp.yandex.ru","3","3","0.6666666666666665","00:00:05","0.0","0","0","0"
"K5_welcome-bonus","com.abi.cook.chill","2","2","0.5","00:00:06","0.0","0","0","0"
"K5_welcome-bonus","com.block.juggle","6","4","0.5","00:02:43","0.0","0","0","0"
"K5_welcome-bonus","com.blockpuzzle.us.ios","2","2","0.5","00:00:13","0.0","0","0","0"
"K5_welcome-bonus","com.cedargames.tileclear","1","1","0.0","00:00:15","0.0","0","0","0"
"K5_welcome-bonus","com.craftsman.go","1","1","0.0","00:01:18","0.0","0","0","0"
"K5_welcome-bonus","com.dreamgames.royalmatch","2","2","0.0","00:00:15","0.0","0","0","0"
"K5_welcome-bonus","com.fingerlab.word.blockpuzzles","1","1","1.0","00:00:00","0.0","0","0","0"
"K5_welcome-bonus","com.fpl.sprunked.mix","1","1","0.0","00:00:17","0.0","0","0","0"
"K5_welcome-bonus","com.fugo.wow","53","41","0.3018867924528302","00:02:35","0.0","0","0","0"
"K5_welcome-bonus","com.fy.build.xm","1","1","1.0","00:00:00","0.0","0","0","0"
"K5_welcome-bonus","com.fyhk.kingdom.xm","1","1","0.0","00:00:15","0.0","0","0","0"
"K5_welcome-bonus","com.gamejt.bicyclebp.mi","1","1","0.0","00:00:16","0.0","0","0","0"
"K5_welcome-bonus","com.imo.android.imoim","1","1","1.0","00:00:00","0.0","0","0","0"
"K5_welcome-bonus","com.imo.android.imoimhd","2","1","0.5","00:00:11","0.0","0","0","0"
"K5_welcome-bonus","com.linkdesks.jewelblastmania","2","2","0.0","00:00:15","0.0","0","0","0"
"K5_welcome-bonus","com.novanews.android.localnews.ru","3","2","0.33333333333333326","00:01:13","0.0","0","0","0"
"K5_welcome-bonus","com.oakever.jigsawcard","1","1","0.0","00:00:17","0.0","0","0","0"
"K5_welcome-bonus","com.oakever.tiletrip","36","27","0.2222222222222222","00:02:18","0.0","0","0","0"
"K5_welcome-bonus","com.openmygame.games.android.jigsaw.solitaire.puzzle","1","1","1.0","00:00:00","0.0","0","0","0"
"K5_welcome-bonus","com.openmygame.games.android.wordpizza","23","18","0.21739130434782608","00:01:16","0.0","0","0","0"
"K5_welcome-bonus","com.openmygame.magicwordsearch","21","16","0.42857142857142855","00:00:20","0.0","0","0","0"
"K5_welcome-bonus","com.orangeapps.piratetreasure","3","3","0.33333333333333326","00:00:10","0.0","0","0","0"
"K5_welcome-bonus","com.pixel.art.coloring.color.number","14","10","0.7142857142857143","00:01:10","0.0","0","0","0"
"K5_welcome-bonus","com.starplay.spider.fighter.openworld","2","2","1.0","00:00:00","0.0","0","0","0"
"K5_welcome-bonus","com.tripledot.woodoku","9","6","0.5555555555555556","00:00:07","0.0","0","0","0"
"K5_welcome-bonus","com.vitastudio.mahjong","13","11","0.5384615384615384","00:00:06","0.0","0","0","0"
"K5_welcome-bonus","com.xgft.slaprt.mi","1","1","1.0","00:00:00","0.0","0","0","0"
"K5_welcome-bonus","com.xgft.sprunkj.mi","1","1","0.0","00:00:44","0.0","0","0","0"
"K5_welcome-bonus","com.yg.mini.games","1","1","0.0","00:00:48","0.0","0","0","0"
"K5_welcome-bonus","com.zm.nuts","2","2","1.0","00:00:00","0.0","0","0","0"
"K5_welcome-bonus","com.zm.watersort","1","1","0.0","00:01:48","0.0","0","0","0"
"K5_welcome-bonus","dsp-betweenx.yandex.ru","10","7","0.2","00:00:17","0.0","0","0","0"
"K5_welcome-bonus","dsp-inneractive.yandex.ru","1","1","1.0","00:00:00","0.0","0","0","0"
"K5_welcome-bonus","dsp-mintagral.yandex.ru","1","1","0.0","00:00:15","0.0","0","0","0"
"K5_welcome-bonus","dsp-unityads.yandex.ru","13","12","0.6923076923076923","00:00:36","0.0","0","0","0"
"K5_welcome-bonus","dsp-webeye.yandex.ru","8","7","0.625","00:00:26","0.0","0","0","0"
"K5_welcome-bonus","dsp-yeahmobi.yandex.ru","15","14","0.6","00:00:09","0.0","0","0","0"
"K5_welcome-bonus","dsp.yandex.ru","278","237","0.44964028776978415","00:01:05","0.0","0","0","0"
"K5_welcome-bonus","games.conifer.block.puzzle.animal.free","1","1","0.0","00:00:15","0.0","0","0","0"
"K5_welcome-bonus","jigsaw.puzzle.game.banana","1","1","0.0","00:00:16","0.0","0","0","0"
"K5_welcome-bonus","kidultlovin.word.zen","2","2","0.0","00:05:48","0.0","0","0","0"
"K5_welcome-bonus","m.edadeal.ru","2","1","0.0","00:00:14","0.0","0","0","0"
"K5_welcome-bonus","teskin.jewels.planet","2","1","1.0","00:00:00","0.0","0","0","0"
"r9_ip-HbqZgSdpBJ","Не определено","2","2","1.0","00:00:00","0.0","0","0","0"
"r9_ipHbqZgS-dp-BJeN","Не определено","1","1","1.0","00:00:00","0.0","0","0","0"
